-- phpMyAdmin SQL Dump
-- version 5.2.1
-- https://www.phpmyadmin.net/
--
-- Host: 127.0.0.1
-- Generation Time: Oct 17, 2023 at 10:07 PM
-- Server version: 10.4.28-MariaDB
-- PHP Version: 8.2.4

SET SQL_MODE = "NO_AUTO_VALUE_ON_ZERO";
START TRANSACTION;
SET time_zone = "+00:00";


/*!40101 SET @OLD_CHARACTER_SET_CLIENT=@@CHARACTER_SET_CLIENT */;
/*!40101 SET @OLD_CHARACTER_SET_RESULTS=@@CHARACTER_SET_RESULTS */;
/*!40101 SET @OLD_COLLATION_CONNECTION=@@COLLATION_CONNECTION */;
/*!40101 SET NAMES utf8mb4 */;

--
-- Database: `car`
--

-- --------------------------------------------------------

--
-- Table structure for table `booking`
--

CREATE TABLE `booking` (
  `id` int(11) NOT NULL,
  `firstName` varchar(255) NOT NULL,
  `lastName` varchar(255) NOT NULL,
  `age` int(11) NOT NULL,
  `status` varchar(255) DEFAULT NULL,
  `phoneNumber` varchar(255) NOT NULL,
  `email` varchar(255) NOT NULL,
  `address` varchar(255) DEFAULT NULL,
  `zipCode` varchar(255) DEFAULT NULL,
  `city` varchar(255) NOT NULL,
  `carId` int(11) NOT NULL,
  `createdAt` datetime NOT NULL,
  `updatedAt` datetime NOT NULL,
  `pickupDate` datetime DEFAULT NULL,
  `dropOffDate` datetime DEFAULT NULL,
  `location` varchar(255) DEFAULT NULL,
  `licenseNumber` varchar(255) DEFAULT NULL
) ENGINE=InnoDB DEFAULT CHARSET=utf8mb4 COLLATE=utf8mb4_general_ci;

-- --------------------------------------------------------

--
-- Table structure for table `car`
--

CREATE TABLE `car` (
  `id` int(11) NOT NULL,
  `name` varchar(255) NOT NULL,
  `image` varchar(255) NOT NULL,
  `price` float NOT NULL,
  `brand` varchar(255) NOT NULL,
  `transmission` varchar(255) NOT NULL,
  `fuel` varchar(255) NOT NULL,
  `doors` varchar(255) NOT NULL,
  `createdAt` datetime NOT NULL,
  `updatedAt` datetime NOT NULL
) ENGINE=InnoDB DEFAULT CHARSET=utf8mb4 COLLATE=utf8mb4_general_ci;

--
-- Dumping data for table `car`
--

INSERT INTO `car` (`id`, `name`, `image`, `price`, `brand`, `transmission`, `fuel`, `doors`, `createdAt`, `updatedAt`) VALUES
(1, 'Audi A5', '1697482439079-397583424-6J9A5783.jpg', 139, 'Audi', 'Automatic', 'Petrol', '4', '2023-10-16 18:53:59', '2023-10-16 18:53:59'),
(4, 'Audi A6 S-Line Black 2021', '1697488001136-229820305-A6-6.jpg', 153, 'Audi', 'Automatic', 'Petrol', '4', '2023-10-16 20:26:41', '2023-10-16 20:26:41'),
(5, 'Audi RSQ3 Black 2023', '1697488142515-216047098-RS3-3.jpg', 236, 'Audi', 'Automatic', 'Petrol', '4', '2023-10-16 20:29:02', '2023-10-16 20:29:02'),
(6, 'Audi RSQ8 Black 2023', '1697488320697-779881703-DSC07724.jpg', 361, 'Audi', 'Automatic', 'Petrol', '4', '2023-10-16 20:32:00', '2023-10-16 20:32:00'),
(7, 'Audi RSQ8 Black 2022', '1697488728321-264660500-DSC09859.jpg', 361, 'Audi', 'Automatic', 'Petrol', '4', '2023-10-16 20:38:48', '2023-10-16 20:38:48'),
(8, 'Audi RSQ8 White 2021', '1697488834848-420602529-DSC09283.jpg', 333, 'Audi', 'Automatic', 'Petrol', '4', '2023-10-16 20:40:34', '2023-10-16 20:40:34'),
(9, 'Audi A4 Blue 2022', '1697488965053-280105924-A4-1.jpg', 125, 'Audi', 'Automatic', 'Petrol', '4', '2023-10-16 20:42:45', '2023-10-16 20:42:45'),
(10, 'Audi TT Black 2023', '1697489126088-793233326-6J9A6888.jpg', 139, 'Audi', 'Automatic', 'Petrol', '4', '2023-10-16 20:45:26', '2023-10-16 20:45:26'),
(11, 'Audi R8 V10 Spyder Black 2021 ', '1697489330344-242963248-DSC07984.jpg', 472, 'Audi', 'Automatic', 'Petrol', '2', '2023-10-16 20:48:50', '2023-10-16 20:48:50'),
(12, 'Audi R8 Spyder Yellow 2022', '1697489493436-394833136-6e7c9c98-9f38-44fe-bf9f-c2b7de174235.jfif', 500, 'Audi', 'Automatic', 'Petrol', '2', '2023-10-16 20:51:33', '2023-10-16 20:51:33'),
(13, 'Audi RS6 Grey 2022', '1697535372227-583542373-DSC00148.jpg', 333, 'Audi', 'Automatic', 'Petrol', '4', '2023-10-17 09:36:12', '2023-10-17 09:36:12'),
(14, 'Audi RS6 Grey 2023', '1697535766602-121589188-RS6-1.jpg', 333, 'Audi', 'Automatic', 'Petrol', '4', '2023-10-17 09:42:46', '2023-10-17 09:42:46'),
(15, 'Audi RS6 White 2022', '1697535929176-752753521-bb6a71f0-6ae9-4b5d-b2e5-df31d9f5cbda.jpeg', 333, 'Audi', 'Automatic', 'Petrol', '4', '2023-10-17 09:45:29', '2023-10-17 09:45:29'),
(16, 'Audi Q5 black 2022', '1697536184803-57039871-44876J9A9885.jpg', 153, 'Audi', 'Automatic', 'Petrol', '4', '2023-10-17 09:49:44', '2023-10-17 09:49:44'),
(17, 'Audi Q5 white 2022', '1697536321738-677734624-45066J9A9953.jpg', 153, 'Audi', 'Automatic', 'Petrol', '4', '2023-10-17 09:52:01', '2023-10-17 09:52:01'),
(18, 'Audi Q8 white 2022', '1697536610681-545771625-44676J9A9823.jpg', 236, 'Audi', 'Automatic', 'Petrol', '4', '2023-10-17 09:56:50', '2023-10-17 09:56:50'),
(19, 'Audi Q8 black 2021', '1697536832585-465140261-A6-4.jpg', 236, 'Audi', 'Automatic', 'Petrol', '4', '2023-10-17 10:00:32', '2023-10-17 10:00:32'),
(20, 'Audi RS7 White 2023', '1697536991828-135412732-RS7-1.jpg', 361, 'Audi', 'Automatic', 'Petrol', '4', '2023-10-17 10:03:11', '2023-10-17 10:03:11'),
(21, 'Bentley Continental GTC V12 2020', '1697545007682-215757485-8a73cdcf-5f2a-4b3b-b908-c4999033fc12.jpeg', 1000, 'Bentley', 'Automatic', 'Petrol', '2', '2023-10-17 12:16:47', '2023-10-17 12:16:47'),
(22, 'Bentley Bentayga black 2019', '1697545212644-489791596-12907227-1917-4251-b1ed-96cf2854c342.jpeg', 472, 'Bentley', 'Automatic', 'Petrol', '4', '2023-10-17 12:20:12', '2023-10-17 12:20:12'),
(23, 'Bentley Bentayga black 2022', '1697545353780-639440312-DSC06580.jpg', 667, 'Bentley', 'Automatic', 'Petrol', '4', '2023-10-17 12:22:33', '2023-10-17 12:22:33'),
(24, 'Bentley Flying Spur black 2023', '1697545571605-696625668-6J9A5716.jpg', 668, 'Bentley', 'Automatic', 'Petrol', '4', '2023-10-17 12:26:11', '2023-10-17 12:26:11'),
(25, 'BMW 430i Cabrio black 2023', '1697546641643-236262716-DSC00949.jpg', 181, 'BMW', 'Automatic', 'Petrol', '2', '2023-10-17 12:44:01', '2023-10-17 12:44:01'),
(26, 'BMW 430i Cabrio white 2022', '1697546838239-297274487-DSC05131.jpg', 181, 'BMW', 'Automatic', 'Petrol', '2', '2023-10-17 12:47:18', '2023-10-17 12:47:18'),
(27, 'BMW 430i Cabrio green 2022', '1697546987457-458453257-2b556987-81ef-4f7c-b734-ef1ee2a23916.jfif', 181, 'BMW', 'Automatic', 'Petrol', '2', '2023-10-17 12:49:47', '2023-10-17 12:49:47'),
(28, 'BMW 430i Cabrio blue 2023', '1697547145498-896347822-fa06bccc-c915-48c1-ae68-d10962c86b1a.jfif', 181, 'BMW', 'Automatic', 'Petrol', '2', '2023-10-17 12:52:25', '2023-10-17 12:52:25'),
(29, 'BMW 430i Cabrio blue 2019', '1697547286978-806168968-DSC05908.jpg', 125, 'BMW', 'Automatic', 'Petrol', '2', '2023-10-17 12:54:47', '2023-10-17 12:54:47'),
(30, 'BMW 530i Dark Grey 2021', '1697547482849-97831872-520I-11.jpg', 153, 'BMW', 'Automatic', 'Petrol', '4', '2023-10-17 12:58:02', '2023-10-17 12:58:02'),
(31, 'BMW 520i white 2023', '1697547706547-486456856-6J9A6643.jpg', 167, 'BMW', 'Automatic', 'Petrol', '4', '2023-10-17 13:01:46', '2023-10-17 13:01:46'),
(32, 'BMW 520i white 2021', '1697547891477-199304986-DSC09950.jpg', 153, 'BMW', 'Automatic', 'Petrol', '4', '2023-10-17 13:04:51', '2023-10-17 13:04:51'),
(33, 'BMW 520i grey 2021', '1697548029779-758277681-DSC02581.jpg', 153, 'BMW', 'Automatic', 'Petrol', '4', '2023-10-17 13:07:09', '2023-10-17 13:07:09'),
(34, 'BMW 840i Cabrio black 2022', '1697548221663-39294781-840i-1.jpg', 264, 'BMW', 'Automatic', 'Petrol', '2', '2023-10-17 13:10:21', '2023-10-17 13:10:21'),
(35, 'BMW 840i Cabrio white 2021', '1697548403380-565190628-c435a40e-1ceb-4452-a05a-ff484ba0560d.jpeg', 264, 'BMW', 'Automatic', 'Petrol', '2', '2023-10-17 13:13:23', '2023-10-17 13:13:23'),
(36, 'BMW 840i Cabrio blue 2021', '1697548526329-448376200-DSC01830.jpg', 264, 'BMW', 'Automatic', 'Petrol', '2', '2023-10-17 13:15:26', '2023-10-17 13:15:26'),
(37, 'BMW 740Li dark blue 2023', '1697548860431-390421175-7e6ff763-0db9-48a2-b47f-ade1af4c8713.jfif', 444, 'BMW', 'Automatic', 'Petrol', '4', '2023-10-17 13:21:00', '2023-10-17 13:21:00'),
(38, 'BMW 730Li black 2021', '1697549050241-899147568-DSC08272.jpg', 208, 'BMW', 'Automatic', 'Petrol', '4', '2023-10-17 13:24:10', '2023-10-17 13:24:10'),
(39, 'BMW 235i Dark Grey 2020', '1697549255061-421635941-M235i-17.jpg', 125, 'BMW', 'Automatic', 'Petrol', '4', '2023-10-17 13:27:35', '2023-10-17 13:27:35'),
(40, 'BMW X4 black 2021', '1697549442276-762323727-X4-1.jpg', 181, 'BMW', 'Automatic', 'Petrol', '4', '2023-10-17 13:30:42', '2023-10-17 13:30:42'),
(41, 'BMW X1 dark grey 2021', '1697549632795-119951240-X1-1.jpg', 125, 'BMW', 'Automatic', 'Petrol', '4', '2023-10-17 13:33:52', '2023-10-17 13:33:52'),
(42, 'BMW XM Green 2023', '1697549856664-95263029-DSC05167.jpg', 500, 'BMW', 'Automatic', 'Petrol', '4', '2023-10-17 13:37:36', '2023-10-17 13:37:36'),
(43, 'BMW XM Black 2023', '1697549968303-825319544-DSC05122.jpg', 500, 'BMW', 'Automatic', 'Petrol', '4', '2023-10-17 13:39:28', '2023-10-17 13:39:28'),
(44, 'BMW X5 Grey 2024', '1697567797652-827241723-X5-7.jpg', 333, 'BMW', 'Automatic', 'Petrol', '4', '2023-10-17 18:36:37', '2023-10-17 18:36:37'),
(45, 'BMW X5 Black 2023', '1697568048709-655709245-DSC02714.jpg', 208, 'BMW', 'Automatic', 'Petrol', '4', '2023-10-17 18:40:48', '2023-10-17 18:40:48'),
(46, 'BMW X5 white 2023', '1697568261701-611717648-DSC02847.jpg', 208, 'BMW', 'Automatic', 'Petrol', '4', '2023-10-17 18:44:21', '2023-10-17 18:44:21'),
(47, 'BMW X5 40iM white 2023', '1697568603467-694059793-0193cb44-215a-4146-bba3-23a7a9ba22eb.jpeg', 208, 'BMW', 'Automatic', 'Petrol', '4', '2023-10-17 18:50:03', '2023-10-17 18:50:03'),
(48, 'BMW X7 40i grey 2023', '1697568805095-709494705-DSC00818.jpg', 333, 'BMW', 'Automatic', 'Petrol', '4', '2023-10-17 18:53:25', '2023-10-17 18:53:25'),
(49, 'BMW X7 50i white 2021', '1697569023629-655973715-DSC05445.JPG', 306, 'BMW', 'Automatic', 'Petrol', '4', '2023-10-17 18:57:03', '2023-10-17 18:57:03'),
(50, 'BMW X7 430i grey 2023', '1697569197906-432309177-X7-16.jpg', 333, 'BMW', 'Automatic', 'Petrol', '4', '2023-10-17 18:59:57', '2023-10-17 18:59:57'),
(51, 'BMW X6 white 2023', '1697569408776-458271078-DSC02775.jpg', 222, 'BMW', 'Automatic', 'Petrol', '4', '2023-10-17 19:03:28', '2023-10-17 19:03:28'),
(52, 'BMW X6 black 2022', '1697569565457-614124279-DSC08276.jpg', 278, 'BMW', 'Automatic', 'Petrol', '4', '2023-10-17 19:06:05', '2023-10-17 19:06:05'),
(53, 'Cadillac Escalade black 2021', '1697569815536-263138105-UK8A1167.JPG', 306, 'Cadillac Escalade', 'Automatic', 'Petrol', '4', '2023-10-17 19:10:15', '2023-10-17 19:10:15'),
(54, 'Cadillac Escalade XL black 2021', '1697570029009-621136567-DSC08312.jpg', 333, 'Cadillac Escalade', 'Automatic', 'Petrol', '4', '2023-10-17 19:13:49', '2023-10-17 19:13:49'),
(55, 'Cadillac Escalade black 2022', '1697570166574-951269626-6702c6c6-4cd5-4050-bfbe-86f2b6eb5ecf.jpeg', 472, 'Cadillac Escalade', 'Automatic', 'Petrol', '4', '2023-10-17 19:16:06', '2023-10-17 19:16:06'),
(56, 'Cadillac Escalade white 2021', '1697570293775-806886723-DSC02636.jpg', 306, 'Cadillac Escalade', 'Automatic', 'Petrol', '4', '2023-10-17 19:18:13', '2023-10-17 19:18:13'),
(57, 'Cadillac Escalade white 2023', '1697570398651-424513046-6J9A6556.jpg', 361, 'Cadillac Escalade', 'Automatic', 'Petrol', '4', '2023-10-17 19:19:58', '2023-10-17 19:19:58');

-- --------------------------------------------------------

--
-- Table structure for table `carimages`
--

CREATE TABLE `carimages` (
  `id` int(11) NOT NULL,
  `carId` int(11) NOT NULL,
  `filename` varchar(255) NOT NULL,
  `createdAt` datetime NOT NULL DEFAULT current_timestamp(),
  `updatedAt` datetime NOT NULL DEFAULT current_timestamp() ON UPDATE current_timestamp()
) ENGINE=InnoDB DEFAULT CHARSET=utf8mb4 COLLATE=utf8mb4_general_ci;

--
-- Dumping data for table `carimages`
--

INSERT INTO `carimages` (`id`, `carId`, `filename`, `createdAt`, `updatedAt`) VALUES
(1, 1, '1697482520599-223840639-6J9A5782.jpg', '2023-10-16 18:55:20', '2023-10-16 18:55:20'),
(2, 1, '1697484359638-442438293-6J9A5781.jpg', '2023-10-16 19:25:59', '2023-10-16 19:25:59'),
(3, 1, '1697484369046-570062794-6J9A5780.jpg', '2023-10-16 19:26:09', '2023-10-16 19:26:09'),
(4, 1, '1697484379206-572168761-6J9A5779.jpg', '2023-10-16 19:26:19', '2023-10-16 19:26:19'),
(5, 1, '1697484386446-630297021-6J9A5772.jpg', '2023-10-16 19:26:26', '2023-10-16 19:26:26'),
(6, 1, '1697484396885-266755040-6J9A5762.jpg', '2023-10-16 19:26:36', '2023-10-16 19:26:36'),
(7, 1, '1697484406459-754339235-6J9A5760.jpg', '2023-10-16 19:26:46', '2023-10-16 19:26:46'),
(8, 1, '1697484412703-917404346-6J9A5753.jpg', '2023-10-16 19:26:52', '2023-10-16 19:26:52'),
(9, 1, '1697484420869-674542609-6J9A5750.jpg', '2023-10-16 19:27:00', '2023-10-16 19:27:00'),
(10, 1, '1697484427543-268586279-6J9A5746.jpg', '2023-10-16 19:27:07', '2023-10-16 19:27:07'),
(33, 4, '1697488012418-687761535-A6-27.jpg', '2023-10-16 20:26:52', '2023-10-16 20:26:52'),
(34, 4, '1697488019027-399554124-A6-28.jpg', '2023-10-16 20:26:59', '2023-10-16 20:26:59'),
(35, 4, '1697488025069-512921850-A6-4.jpg', '2023-10-16 20:27:05', '2023-10-16 20:27:05'),
(36, 4, '1697488030176-599901138-A6-23.jpg', '2023-10-16 20:27:10', '2023-10-16 20:27:10'),
(37, 4, '1697488038080-338844931-A6-26.jpg', '2023-10-16 20:27:18', '2023-10-16 20:27:18'),
(38, 4, '1697488043310-585556192-A6-8.jpg', '2023-10-16 20:27:23', '2023-10-16 20:27:23'),
(39, 4, '1697488047925-795258526-A6-16.jpg', '2023-10-16 20:27:27', '2023-10-16 20:27:27'),
(40, 5, '1697488152680-286000813-RS3-8.jpg', '2023-10-16 20:29:12', '2023-10-16 20:29:12'),
(41, 5, '1697488160863-123306201-RS3-9.jpg', '2023-10-16 20:29:20', '2023-10-16 20:29:20'),
(42, 5, '1697488167525-561603767-RS3-18.jpg', '2023-10-16 20:29:27', '2023-10-16 20:29:27'),
(43, 5, '1697488174206-601269250-RS3-30.jpg', '2023-10-16 20:29:34', '2023-10-16 20:29:34'),
(44, 5, '1697488180178-678849189-RS3-32.jpg', '2023-10-16 20:29:40', '2023-10-16 20:29:40'),
(45, 5, '1697488187624-562234489-RS3-44.jpg', '2023-10-16 20:29:47', '2023-10-16 20:29:47'),
(46, 6, '1697488375312-413751499-DSC07750.jpg', '2023-10-16 20:32:55', '2023-10-16 20:32:55'),
(47, 6, '1697488384861-526590366-DSC07759.jpg', '2023-10-16 20:33:04', '2023-10-16 20:33:04'),
(48, 6, '1697488392151-92769619-DSC07764.jpg', '2023-10-16 20:33:12', '2023-10-16 20:33:12'),
(49, 6, '1697488399253-81751528-DSC07715.jpg', '2023-10-16 20:33:19', '2023-10-16 20:33:19'),
(50, 6, '1697488407136-985656738-DSC07718.jpg', '2023-10-16 20:33:27', '2023-10-16 20:33:27'),
(51, 6, '1697488535539-645178593-DSC07722.jpg', '2023-10-16 20:35:35', '2023-10-16 20:35:35'),
(52, 6, '1697488546941-172941739-DSC07766.jpg', '2023-10-16 20:35:47', '2023-10-16 20:35:47'),
(53, 6, '1697488553872-372403483-DSC07770.jpg', '2023-10-16 20:35:53', '2023-10-16 20:35:53'),
(54, 7, '1697488740808-406859810-DSC09866.jpg', '2023-10-16 20:39:00', '2023-10-16 20:39:00'),
(55, 7, '1697488750267-240835558-DSC09872.jpg', '2023-10-16 20:39:10', '2023-10-16 20:39:10'),
(56, 7, '1697488760347-443748253-DSC09874.jpg', '2023-10-16 20:39:20', '2023-10-16 20:39:20'),
(57, 7, '1697488766899-772133057-DSC09876.jpg', '2023-10-16 20:39:26', '2023-10-16 20:39:26'),
(58, 7, '1697488773934-826371241-DSC09923.jpg', '2023-10-16 20:39:34', '2023-10-16 20:39:34'),
(59, 7, '1697488779580-422219214-DSC09938.jpg', '2023-10-16 20:39:39', '2023-10-16 20:39:39'),
(60, 8, '1697488845561-654570639-DSC09287.jpg', '2023-10-16 20:40:45', '2023-10-16 20:40:45'),
(61, 8, '1697488854249-702240527-DSC09293.jpg', '2023-10-16 20:40:54', '2023-10-16 20:40:54'),
(62, 8, '1697488859558-842534991-DSC09328.jpg', '2023-10-16 20:40:59', '2023-10-16 20:40:59'),
(63, 8, '1697488866277-612275835-DSC09330.jpg', '2023-10-16 20:41:06', '2023-10-16 20:41:06'),
(64, 8, '1697488872859-668613777-DSC09337.jpg', '2023-10-16 20:41:12', '2023-10-16 20:41:12'),
(65, 8, '1697488879638-928449852-DSC09341.jpg', '2023-10-16 20:41:19', '2023-10-16 20:41:19'),
(66, 8, '1697488886377-376588363-DSC09371.jpg', '2023-10-16 20:41:26', '2023-10-16 20:41:26'),
(67, 9, '1697488976627-298263719-A4-7.jpg', '2023-10-16 20:42:56', '2023-10-16 20:42:56'),
(68, 9, '1697488983516-723941767-A4-15.jpg', '2023-10-16 20:43:03', '2023-10-16 20:43:03'),
(69, 9, '1697488989309-401050040-A4-24.jpg', '2023-10-16 20:43:09', '2023-10-16 20:43:09'),
(70, 9, '1697488995043-15852315-A4-26.jpg', '2023-10-16 20:43:15', '2023-10-16 20:43:15'),
(71, 9, '1697489001233-643569800-A4-32.jpg', '2023-10-16 20:43:21', '2023-10-16 20:43:21'),
(72, 10, '1697489136875-106927330-6J9A6889.jpg', '2023-10-16 20:45:36', '2023-10-16 20:45:36'),
(73, 10, '1697489155042-187611208-6J9A6893.jpg', '2023-10-16 20:45:55', '2023-10-16 20:45:55'),
(74, 10, '1697489167999-82586914-6J9A6897.jpg', '2023-10-16 20:46:08', '2023-10-16 20:46:08'),
(75, 10, '1697489187171-580089056-6J9A6910.jpg', '2023-10-16 20:46:27', '2023-10-16 20:46:27'),
(76, 10, '1697489198111-275834534-6J9A6911.jpg', '2023-10-16 20:46:38', '2023-10-16 20:46:38'),
(77, 10, '1697489204879-45324069-6J9A6915.jpg', '2023-10-16 20:46:44', '2023-10-16 20:46:44'),
(78, 11, '1697489342160-271060996-DSC07989.jpg', '2023-10-16 20:49:02', '2023-10-16 20:49:02'),
(79, 11, '1697489351500-557802672-DSC07994.jpg', '2023-10-16 20:49:11', '2023-10-16 20:49:11'),
(80, 11, '1697489358051-955885082-DSC08005.jpg', '2023-10-16 20:49:18', '2023-10-16 20:49:18'),
(81, 11, '1697489364019-964705294-DSC08007.jpg', '2023-10-16 20:49:24', '2023-10-16 20:49:24'),
(82, 11, '1697489371422-104533684-DSC08005.jpg', '2023-10-16 20:49:31', '2023-10-16 20:49:31'),
(83, 11, '1697489388272-504327467-DSC08050.jpg', '2023-10-16 20:49:48', '2023-10-16 20:49:48'),
(84, 11, '1697489397080-509656560-DSC08057.jpg', '2023-10-16 20:49:57', '2023-10-16 20:49:57'),
(85, 12, '1697489503999-972136512-33bccd54-42f8-4266-9f79-efebbdd66e28.jfif', '2023-10-16 20:51:44', '2023-10-16 20:51:44'),
(86, 12, '1697489513549-715085646-82e8999c-718a-4e65-9651-c03caafd8e87.jfif', '2023-10-16 20:51:53', '2023-10-16 20:51:53'),
(87, 12, '1697489520234-443006545-cc87002d-f965-41f1-bdf0-18f04e01269f.jfif', '2023-10-16 20:52:00', '2023-10-16 20:52:00'),
(88, 12, '1697489526476-453518235-e2cfec52-f1a1-4774-8e28-36f5640c4122.jfif', '2023-10-16 20:52:06', '2023-10-16 20:52:06'),
(89, 12, '1697489532130-838989356-5f0bc3ca-05b0-4fed-837a-2471efdbd311.jfif', '2023-10-16 20:52:12', '2023-10-16 20:52:12'),
(90, 13, '1697535408144-215751464-DSC00153.jpg', '2023-10-17 09:36:48', '2023-10-17 09:36:48'),
(91, 13, '1697535475549-859404265-DSC00137.jpg', '2023-10-17 09:37:55', '2023-10-17 09:37:55'),
(92, 13, '1697535501968-633703862-DSC00156.jpg', '2023-10-17 09:38:22', '2023-10-17 09:38:22'),
(93, 13, '1697535520536-242094191-DSC00166.jpg', '2023-10-17 09:38:40', '2023-10-17 09:38:40'),
(94, 13, '1697535550861-320073224-DSC00110.jpg', '2023-10-17 09:39:11', '2023-10-17 09:39:11'),
(95, 13, '1697535581530-274620433-DSC00129.jpg', '2023-10-17 09:39:41', '2023-10-17 09:39:41'),
(96, 14, '1697535791251-581238246-RS6-6.jpg', '2023-10-17 09:43:11', '2023-10-17 09:43:11'),
(97, 14, '1697535808383-283552022-RS6-10.jpg', '2023-10-17 09:43:28', '2023-10-17 09:43:28'),
(98, 14, '1697535820943-79346988-RS6-16.jpg', '2023-10-17 09:43:40', '2023-10-17 09:43:40'),
(99, 14, '1697535833550-108608160-RS6-29.jpg', '2023-10-17 09:43:53', '2023-10-17 09:43:53'),
(100, 14, '1697535848724-932000623-RS6-25.jpg', '2023-10-17 09:44:08', '2023-10-17 09:44:08'),
(101, 15, '1697535959166-491417209-142e3df2-ca54-46af-8c96-e4f7a306bfda.jpeg', '2023-10-17 09:45:59', '2023-10-17 09:45:59'),
(102, 15, '1697535977217-980492744-e38da62d-733e-4a10-80d2-775e06999e31.jpeg', '2023-10-17 09:46:17', '2023-10-17 09:46:17'),
(103, 15, '1697536001915-36673970-6313b90d-bc43-41c5-9e48-83962e73501f.jpeg', '2023-10-17 09:46:41', '2023-10-17 09:46:41'),
(104, 15, '1697536023682-512623124-7672a888-38f7-4185-bfcd-10cc9ee03816.jpeg', '2023-10-17 09:47:03', '2023-10-17 09:47:03'),
(105, 15, '1697536039825-534139158-8fd0756a-d3f8-4150-bc93-a4dec02a5aa5.jpeg', '2023-10-17 09:47:19', '2023-10-17 09:47:19'),
(106, 15, '1697536060759-597107241-81506286-4629-403a-940d-8a7510166cb3.jpeg', '2023-10-17 09:47:40', '2023-10-17 09:47:40'),
(107, 16, '1697536208541-776451864-44886J9A9893.jpg', '2023-10-17 09:50:08', '2023-10-17 09:50:08'),
(108, 16, '1697536228113-868603001-44966J9A9935.jpg', '2023-10-17 09:50:28', '2023-10-17 09:50:28'),
(109, 16, '1697536249304-991864192-44936J9A9917.jpg', '2023-10-17 09:50:49', '2023-10-17 09:50:49'),
(110, 16, '1697536268912-272404599-44956J9A9925.jpg', '2023-10-17 09:51:08', '2023-10-17 09:51:08'),
(111, 17, '1697536341807-467853978-45076J9A9954.jpg', '2023-10-17 09:52:21', '2023-10-17 09:52:21'),
(112, 17, '1697536353525-649226008-45086J9A9955.jpg', '2023-10-17 09:52:33', '2023-10-17 09:52:33'),
(113, 17, '1697536369837-694145724-45106J9A9958.jpg', '2023-10-17 09:52:49', '2023-10-17 09:52:49'),
(114, 17, '1697536384513-109528174-45166J9A9974.jpg', '2023-10-17 09:53:04', '2023-10-17 09:53:04'),
(115, 17, '1697536400070-512425923-45196J9A9992.jpg', '2023-10-17 09:53:20', '2023-10-17 09:53:20'),
(116, 17, '1697536411532-190043889-45216J9A0001.jpg', '2023-10-17 09:53:31', '2023-10-17 09:53:31'),
(117, 18, '1697536632471-708925373-44646J9A9815.jpg', '2023-10-17 09:57:12', '2023-10-17 09:57:12'),
(118, 18, '1697536652368-26931670-44686J9A9825.jpg', '2023-10-17 09:57:32', '2023-10-17 09:57:32'),
(119, 18, '1697536668125-301223397-44706J9A9830.jpg', '2023-10-17 09:57:48', '2023-10-17 09:57:48'),
(120, 18, '1697536694697-129408528-44756J9A9844.jpg', '2023-10-17 09:58:14', '2023-10-17 09:58:14'),
(121, 18, '1697536716521-966980172-44796J9A9854.jpg', '2023-10-17 09:58:36', '2023-10-17 09:58:36'),
(122, 18, '1697536740049-812641981-44866J9A9882.jpg', '2023-10-17 09:59:00', '2023-10-17 09:59:00'),
(123, 19, '1697536850886-206469366-A6-6.jpg', '2023-10-17 10:00:51', '2023-10-17 10:00:51'),
(124, 19, '1697536864911-406642100-A6-23.jpg', '2023-10-17 10:01:05', '2023-10-17 10:01:05'),
(125, 19, '1697536885353-509529814-A6-27.jpg', '2023-10-17 10:01:25', '2023-10-17 10:01:25'),
(126, 19, '1697536899427-712772889-A6-28.jpg', '2023-10-17 10:01:39', '2023-10-17 10:01:39'),
(127, 19, '1697536910004-778040284-A6-29.jpg', '2023-10-17 10:01:50', '2023-10-17 10:01:50'),
(128, 20, '1697537022031-150994392-RS7-3.jpg', '2023-10-17 10:03:42', '2023-10-17 10:03:42'),
(129, 20, '1697537042693-880578148-RS7-21.jpg', '2023-10-17 10:04:02', '2023-10-17 10:04:02'),
(130, 20, '1697537053629-353552892-RS7-25.jpg', '2023-10-17 10:04:13', '2023-10-17 10:04:13'),
(131, 20, '1697537070238-135338735-RS7-11.jpg', '2023-10-17 10:04:30', '2023-10-17 10:04:30'),
(132, 20, '1697537092034-684777718-RS7-5.jpg', '2023-10-17 10:04:52', '2023-10-17 10:04:52'),
(133, 20, '1697537104419-431077706-RS7-19.jpg', '2023-10-17 10:05:04', '2023-10-17 10:05:04'),
(134, 21, '1697545026353-590404964-9cd0a35e-679f-44da-a799-c1233b372583.jpeg', '2023-10-17 12:17:06', '2023-10-17 12:17:06'),
(135, 21, '1697545036442-683832414-51feff39-c791-495f-a0ce-97184fe9eef7.jpeg', '2023-10-17 12:17:16', '2023-10-17 12:17:16'),
(136, 21, '1697545050303-602995352-70c3a104-566a-4467-8440-498116fea4b6.jpeg', '2023-10-17 12:17:30', '2023-10-17 12:17:30'),
(137, 21, '1697545063928-355886153-a8d999db-37db-4882-bdb5-ad985c0f0af8.jpeg', '2023-10-17 12:17:43', '2023-10-17 12:17:43'),
(138, 21, '1697545076695-720282015-151a7503-a78b-4ace-bd64-320bdc8288fa.jpeg', '2023-10-17 12:17:56', '2023-10-17 12:17:56'),
(139, 21, '1697545088699-834992792-891e4407-f2f0-4157-9b21-2923c86accd0.jpeg', '2023-10-17 12:18:08', '2023-10-17 12:18:08'),
(140, 21, '1697545097259-111465149-a0db1312-f93f-4b68-a351-2a4d84ccc4da.jpeg', '2023-10-17 12:18:17', '2023-10-17 12:18:17'),
(141, 22, '1697545227200-507506952-c709fb6d-d0c1-44fa-b359-8403766c24aa.jpeg', '2023-10-17 12:20:27', '2023-10-17 12:20:27'),
(142, 22, '1697545235953-400646878-18b47c6b-51ea-4d47-9b22-f793a9fdebd0.jpeg', '2023-10-17 12:20:35', '2023-10-17 12:20:35'),
(143, 22, '1697545244531-339289867-20b4a704-36c3-427e-8cd6-999be2210aae.jpeg', '2023-10-17 12:20:44', '2023-10-17 12:20:44'),
(144, 22, '1697545256565-244740135-c190c4c6-f0fa-40dc-ac58-9590c8427931.jpeg', '2023-10-17 12:20:56', '2023-10-17 12:20:56'),
(145, 22, '1697545263968-625952695-e60d4d2f-04bf-4884-a685-60bf6bdb70e2.jpeg', '2023-10-17 12:21:03', '2023-10-17 12:21:03'),
(146, 22, '1697545270869-488812791-ee32712e-31e4-4185-8249-7a4115aeb588.jpeg', '2023-10-17 12:21:10', '2023-10-17 12:21:10'),
(147, 22, '1697545279220-752927913-ff16ee3b-9deb-4e20-8eb9-e5686e1c92d8.jpeg', '2023-10-17 12:21:19', '2023-10-17 12:21:19'),
(148, 23, '1697545372267-701296665-DSC06555.jpg', '2023-10-17 12:22:52', '2023-10-17 12:22:52'),
(149, 23, '1697545383877-87757114-DSC06565.jpg', '2023-10-17 12:23:03', '2023-10-17 12:23:03'),
(150, 23, '1697545397876-158238954-DSC06551.jpg', '2023-10-17 12:23:17', '2023-10-17 12:23:17'),
(151, 23, '1697545413438-698795980-DSC06552.jpg', '2023-10-17 12:23:33', '2023-10-17 12:23:33'),
(152, 23, '1697545433511-583472855-DSC06598.jpg', '2023-10-17 12:23:53', '2023-10-17 12:23:53'),
(153, 23, '1697545447479-20488397-DSC06603.jpg', '2023-10-17 12:24:07', '2023-10-17 12:24:07'),
(154, 23, '1697545458759-575267316-DSC06620.jpg', '2023-10-17 12:24:18', '2023-10-17 12:24:18'),
(155, 23, '1697545467012-524614342-DSC06621.jpg', '2023-10-17 12:24:27', '2023-10-17 12:24:27'),
(156, 24, '1697545592797-778485531-6dc879c8-5c81-4628-b94d-ab2b16e9dae2.jfif', '2023-10-17 12:26:32', '2023-10-17 12:26:32'),
(157, 24, '1697545614208-20965748-d12704c0-462f-4873-90b0-58c4c5146cb0.jfif', '2023-10-17 12:26:54', '2023-10-17 12:26:54'),
(158, 24, '1697545627154-377360420-e38a7216-5848-448c-8f0a-d2b3e59da79f.jfif', '2023-10-17 12:27:07', '2023-10-17 12:27:07'),
(159, 24, '1697545640562-992510153-6J9A5738.jpg', '2023-10-17 12:27:20', '2023-10-17 12:27:20'),
(160, 24, '1697545658351-509191050-6J9A5743.jpg', '2023-10-17 12:27:38', '2023-10-17 12:27:38'),
(161, 24, '1697545669371-942168063-6J9A5744.jpg', '2023-10-17 12:27:49', '2023-10-17 12:27:49'),
(162, 25, '1697546657633-984189297-DSC00931.jpg', '2023-10-17 12:44:17', '2023-10-17 12:44:17'),
(163, 25, '1697546674443-546316778-DSC00957.jpg', '2023-10-17 12:44:34', '2023-10-17 12:44:34'),
(164, 25, '1697546693866-739602661-DSC00963.jpg', '2023-10-17 12:44:53', '2023-10-17 12:44:53'),
(165, 25, '1697546709057-507722225-DSC00984.jpg', '2023-10-17 12:45:09', '2023-10-17 12:45:09'),
(166, 25, '1697546726794-256169497-DSC00989.jpg', '2023-10-17 12:45:26', '2023-10-17 12:45:26'),
(167, 25, '1697546740040-959155823-DSC01026.jpg', '2023-10-17 12:45:40', '2023-10-17 12:45:40'),
(168, 25, '1697546748207-606882117-DSC01009.jpg', '2023-10-17 12:45:48', '2023-10-17 12:45:48'),
(169, 26, '1697546850368-957116426-DSC05134.jpg', '2023-10-17 12:47:30', '2023-10-17 12:47:30'),
(170, 26, '1697546864642-109150593-DSC05140.jpg', '2023-10-17 12:47:44', '2023-10-17 12:47:44'),
(171, 26, '1697546871473-435269178-DSC05142.jpg', '2023-10-17 12:47:51', '2023-10-17 12:47:51'),
(172, 26, '1697546891180-624701490-DSC05146.jpg', '2023-10-17 12:48:11', '2023-10-17 12:48:11'),
(173, 26, '1697546900320-947678329-DSC05158.jpg', '2023-10-17 12:48:20', '2023-10-17 12:48:20'),
(174, 26, '1697546907825-185217173-DSC05162.jpg', '2023-10-17 12:48:27', '2023-10-17 12:48:27'),
(175, 27, '1697547001642-180502707-9a3fe470-881f-41d7-add9-cabba123263c.jfif', '2023-10-17 12:50:01', '2023-10-17 12:50:01'),
(176, 27, '1697547010292-779281570-27f75c1d-0862-4b62-9f49-8424004c42fc.jfif', '2023-10-17 12:50:10', '2023-10-17 12:50:10'),
(177, 27, '1697547016535-729651609-84a32945-ff81-48bc-b03e-6eb1f19516c1.jfif', '2023-10-17 12:50:16', '2023-10-17 12:50:16'),
(178, 27, '1697547024115-954662149-102d6f7c-e2b0-489b-8c63-5168386da4f2.jfif', '2023-10-17 12:50:24', '2023-10-17 12:50:24'),
(179, 27, '1697547031308-892770012-626c8678-9d1e-4710-8e88-fcc204397a11.jfif', '2023-10-17 12:50:31', '2023-10-17 12:50:31'),
(180, 27, '1697547039079-512336919-dcf57319-b4ec-4763-a1c4-54de1cac2b71.jfif', '2023-10-17 12:50:39', '2023-10-17 12:50:39'),
(181, 28, '1697547162771-422498350-ca0f0fb6-9606-4b22-8e59-b3d9a7403a53.jfif', '2023-10-17 12:52:42', '2023-10-17 12:52:42'),
(182, 28, '1697547175449-600637920-65857f82-f755-4d8a-a151-7dd365b608ec.jfif', '2023-10-17 12:52:55', '2023-10-17 12:52:55'),
(183, 28, '1697547183182-620475819-5629c1a8-bd22-448f-b334-b90ab08cd7e0.jfif', '2023-10-17 12:53:03', '2023-10-17 12:53:03'),
(184, 28, '1697547189673-177040001-ad38d022-e3e6-4a35-9a79-13cd47d1d9c5.jfif', '2023-10-17 12:53:09', '2023-10-17 12:53:09'),
(185, 28, '1697547196888-8783781-e0fefe1b-84dd-4380-916c-32676465453d.jfif', '2023-10-17 12:53:16', '2023-10-17 12:53:16'),
(186, 28, '1697547205456-721302938-8e2deb50-8183-45e2-aa86-f611bf4b1d72.jfif', '2023-10-17 12:53:25', '2023-10-17 12:53:25'),
(187, 29, '1697547300976-743732903-DSC05915.jpg', '2023-10-17 12:55:01', '2023-10-17 12:55:01'),
(188, 29, '1697547320995-378762372-DSC05917.jpg', '2023-10-17 12:55:21', '2023-10-17 12:55:21'),
(189, 29, '1697547331163-617115887-DSC05927.jpg', '2023-10-17 12:55:31', '2023-10-17 12:55:31'),
(190, 29, '1697547341842-300342881-DSC05930.jpg', '2023-10-17 12:55:41', '2023-10-17 12:55:41'),
(191, 29, '1697547349243-983948132-DSC05938.jpg', '2023-10-17 12:55:49', '2023-10-17 12:55:49'),
(192, 29, '1697547361332-846274905-DSC05913.jpg', '2023-10-17 12:56:01', '2023-10-17 12:56:01'),
(193, 30, '1697547501705-117213830-520I-3.jpg', '2023-10-17 12:58:21', '2023-10-17 12:58:21'),
(194, 30, '1697547513246-766434880-520I-8.jpg', '2023-10-17 12:58:33', '2023-10-17 12:58:33'),
(195, 30, '1697547521512-156180023-520I-20.jpg', '2023-10-17 12:58:41', '2023-10-17 12:58:41'),
(196, 30, '1697547533279-272549110-520I-27.jpg', '2023-10-17 12:58:53', '2023-10-17 12:58:53'),
(197, 30, '1697547540943-904417696-520I-34.jpg', '2023-10-17 12:59:01', '2023-10-17 12:59:01'),
(198, 31, '1697547741232-108336032-6J9A6648.jpg', '2023-10-17 13:02:21', '2023-10-17 13:02:21'),
(199, 31, '1697547749241-474425449-6J9A6650.jpg', '2023-10-17 13:02:29', '2023-10-17 13:02:29'),
(200, 31, '1697547768598-58393648-6J9A6671.jpg', '2023-10-17 13:02:48', '2023-10-17 13:02:48'),
(201, 31, '1697547779672-945815149-6J9A6683.jpg', '2023-10-17 13:02:59', '2023-10-17 13:02:59'),
(202, 31, '1697547797414-654735608-6J9A6678.jpg', '2023-10-17 13:03:17', '2023-10-17 13:03:17'),
(203, 32, '1697547905927-785419865-DSC09979.jpg', '2023-10-17 13:05:06', '2023-10-17 13:05:06'),
(204, 32, '1697547920482-469931663-DSC09966.jpg', '2023-10-17 13:05:20', '2023-10-17 13:05:20'),
(205, 32, '1697547936771-699581386-DSC09997.jpg', '2023-10-17 13:05:36', '2023-10-17 13:05:36'),
(206, 32, '1697547945277-351895281-DSC09988.jpg', '2023-10-17 13:05:45', '2023-10-17 13:05:45'),
(207, 32, '1697547957839-631009970-DSC09991.jpg', '2023-10-17 13:05:57', '2023-10-17 13:05:57'),
(208, 33, '1697548050314-502344833-DSC02583.jpg', '2023-10-17 13:07:30', '2023-10-17 13:07:30'),
(209, 33, '1697548061598-194864208-DSC02596.jpg', '2023-10-17 13:07:41', '2023-10-17 13:07:41'),
(210, 33, '1697548073161-762283974-DSC02608.jpg', '2023-10-17 13:07:53', '2023-10-17 13:07:53'),
(211, 33, '1697548081324-499078220-DSC02613.jpg', '2023-10-17 13:08:01', '2023-10-17 13:08:01'),
(212, 33, '1697548091834-873116063-DSC02632.jpg', '2023-10-17 13:08:11', '2023-10-17 13:08:11'),
(213, 33, '1697548101773-339517470-DSC02611.jpg', '2023-10-17 13:08:21', '2023-10-17 13:08:21'),
(214, 34, '1697548238763-685912246-840i-21.jpg', '2023-10-17 13:10:38', '2023-10-17 13:10:38'),
(215, 34, '1697548251338-689711938-840i-11.jpg', '2023-10-17 13:10:51', '2023-10-17 13:10:51'),
(216, 34, '1697548264772-558026859-840i-40.jpg', '2023-10-17 13:11:04', '2023-10-17 13:11:04'),
(217, 34, '1697548275628-991986604-840i-2.jpg', '2023-10-17 13:11:15', '2023-10-17 13:11:15'),
(218, 34, '1697548286105-239495791-1b23e647-2683-4911-b7cb-4f68fc1898e1.jfif', '2023-10-17 13:11:26', '2023-10-17 13:11:26'),
(219, 34, '1697548305934-682583145-840i-16.jpg', '2023-10-17 13:11:45', '2023-10-17 13:11:45'),
(220, 34, '1697548318653-347367143-840i-9.jpg', '2023-10-17 13:11:58', '2023-10-17 13:11:58'),
(221, 34, '1697548333709-342674212-e5b9877e-8531-4358-853f-9459b46d868a.jfif', '2023-10-17 13:12:13', '2023-10-17 13:12:13'),
(222, 35, '1697548423410-351193979-bce5d90c-5b3a-468e-bc77-b784c1ac569b.jpeg', '2023-10-17 13:13:43', '2023-10-17 13:13:43'),
(223, 35, '1697548435738-671887207-a8bbfd99-d735-4dec-9ab8-ec14052d1f50.jpeg', '2023-10-17 13:13:55', '2023-10-17 13:13:55'),
(224, 35, '1697548445020-783625951-7c1f097a-b6c6-4154-aa6f-200bb4e2d065.jpeg', '2023-10-17 13:14:05', '2023-10-17 13:14:05'),
(225, 35, '1697548455132-309657021-20e31da6-d5ee-4eb3-b149-613680227fea.jpeg', '2023-10-17 13:14:15', '2023-10-17 13:14:15'),
(226, 35, '1697548466983-75140903-a59c628f-edd7-4782-b48f-5984843399ea.jpeg', '2023-10-17 13:14:27', '2023-10-17 13:14:27'),
(227, 36, '1697548606457-254916802-DSC01833.jpg', '2023-10-17 13:16:46', '2023-10-17 13:16:46'),
(228, 36, '1697548618536-279763514-DSC01856.jpg', '2023-10-17 13:16:58', '2023-10-17 13:16:58'),
(229, 36, '1697548633962-18083097-DSC01859.jpg', '2023-10-17 13:17:14', '2023-10-17 13:17:14'),
(230, 36, '1697548644534-274617675-DSC01864.jpg', '2023-10-17 13:17:24', '2023-10-17 13:17:24'),
(231, 36, '1697548654002-79396288-DSC01876.jpg', '2023-10-17 13:17:34', '2023-10-17 13:17:34'),
(232, 37, '1697548879690-375136267-7c018dff-622b-46d1-993d-3a94a49cd5b8.jfif', '2023-10-17 13:21:19', '2023-10-17 13:21:19'),
(233, 37, '1697548892270-451562457-7e6ff763-0db9-48a2-b47f-ade1af4c8713.jfif', '2023-10-17 13:21:32', '2023-10-17 13:21:32'),
(234, 37, '1697548901941-350471054-ae118e9d-3f87-428d-8db6-036edddb2f72.jfif', '2023-10-17 13:21:41', '2023-10-17 13:21:41'),
(235, 37, '1697548912116-223620543-c73bd400-b1a1-4ea2-a5e7-e9cacf78ef04.jfif', '2023-10-17 13:21:52', '2023-10-17 13:21:52'),
(236, 37, '1697548923206-638139935-e199f2db-0ce2-4ea8-9a1f-5017e20b2ad5.jfif', '2023-10-17 13:22:03', '2023-10-17 13:22:03'),
(237, 38, '1697549067192-271055818-DSC08290.jpg', '2023-10-17 13:24:27', '2023-10-17 13:24:27'),
(238, 38, '1697549079713-578627255-DSC08280.jpg', '2023-10-17 13:24:39', '2023-10-17 13:24:39'),
(239, 38, '1697549095876-144938821-DSC08294.jpg', '2023-10-17 13:24:56', '2023-10-17 13:24:56'),
(240, 38, '1697549105689-197899880-DSC08300.jpg', '2023-10-17 13:25:05', '2023-10-17 13:25:05'),
(241, 38, '1697549119389-266713658-DSC08302.jpg', '2023-10-17 13:25:19', '2023-10-17 13:25:19'),
(242, 38, '1697549128341-558727858-DSC08313.jpg', '2023-10-17 13:25:28', '2023-10-17 13:25:28'),
(243, 39, '1697549274369-62470188-M235i-7.jpg', '2023-10-17 13:27:54', '2023-10-17 13:27:54'),
(244, 39, '1697549294213-681401109-M235i-4.jpg', '2023-10-17 13:28:14', '2023-10-17 13:28:14'),
(245, 39, '1697549309533-881140739-M235i-14.jpg', '2023-10-17 13:28:29', '2023-10-17 13:28:29'),
(246, 39, '1697549319518-31557355-M235i-15.jpg', '2023-10-17 13:28:39', '2023-10-17 13:28:39'),
(247, 39, '1697549330393-125676130-M235i-16.jpg', '2023-10-17 13:28:50', '2023-10-17 13:28:50'),
(248, 40, '1697549456307-539610316-X4-4.jpg', '2023-10-17 13:30:56', '2023-10-17 13:30:56'),
(249, 40, '1697549464945-572293622-X4-11.jpg', '2023-10-17 13:31:05', '2023-10-17 13:31:05'),
(250, 40, '1697549479303-311959188-X4-22.jpg', '2023-10-17 13:31:19', '2023-10-17 13:31:19'),
(251, 40, '1697549488149-626507698-X4-24.jpg', '2023-10-17 13:31:28', '2023-10-17 13:31:28'),
(252, 40, '1697549497052-818745404-X4-25.jpg', '2023-10-17 13:31:37', '2023-10-17 13:31:37'),
(253, 40, '1697549504661-125507393-X4-26.jpg', '2023-10-17 13:31:44', '2023-10-17 13:31:44'),
(254, 41, '1697549651014-265098511-X1-24.jpg', '2023-10-17 13:34:11', '2023-10-17 13:34:11'),
(255, 41, '1697549664745-962312063-X1-4.jpg', '2023-10-17 13:34:24', '2023-10-17 13:34:24'),
(256, 41, '1697549678161-96798143-X1-11.jpg', '2023-10-17 13:34:38', '2023-10-17 13:34:38'),
(257, 41, '1697549686918-588213023-X1-15.jpg', '2023-10-17 13:34:46', '2023-10-17 13:34:46'),
(258, 41, '1697549698850-752591766-X1-20.jpg', '2023-10-17 13:34:58', '2023-10-17 13:34:58'),
(259, 41, '1697549711418-927093832-X1-46.jpg', '2023-10-17 13:35:11', '2023-10-17 13:35:11'),
(260, 42, '1697549874377-125624160-DSC05178.jpg', '2023-10-17 13:37:54', '2023-10-17 13:37:54'),
(261, 42, '1697549889375-622354824-DSC05196.jpg', '2023-10-17 13:38:09', '2023-10-17 13:38:09'),
(262, 42, '1697549901395-790410096-DSC05202.jpg', '2023-10-17 13:38:21', '2023-10-17 13:38:21'),
(263, 42, '1697549909552-221533469-DSC05208.jpg', '2023-10-17 13:38:29', '2023-10-17 13:38:29'),
(264, 43, '1697549983417-96477145-DSC05135.jpg', '2023-10-17 13:39:43', '2023-10-17 13:39:43'),
(265, 43, '1697549996389-458856433-DSC05120.jpg', '2023-10-17 13:39:56', '2023-10-17 13:39:56'),
(266, 43, '1697550011065-787630039-DSC05132.jpg', '2023-10-17 13:40:11', '2023-10-17 13:40:11'),
(267, 43, '1697550026438-825186543-DSC05141.jpg', '2023-10-17 13:40:26', '2023-10-17 13:40:26'),
(268, 43, '1697550035877-764161450-DSC05147.jpg', '2023-10-17 13:40:35', '2023-10-17 13:40:35'),
(269, 43, '1697550045414-421557246-DSC05152.jpg', '2023-10-17 13:40:45', '2023-10-17 13:40:45'),
(270, 43, '1697550054402-986494104-DSC05157.jpg', '2023-10-17 13:40:54', '2023-10-17 13:40:54'),
(271, 44, '1697567847647-506918558-X5-9.jpg', '2023-10-17 18:37:27', '2023-10-17 18:37:27'),
(272, 44, '1697567879095-321128607-X5-4.jpg', '2023-10-17 18:37:59', '2023-10-17 18:37:59'),
(273, 44, '1697567935766-287464929-X5-21.jpg', '2023-10-17 18:38:56', '2023-10-17 18:38:56'),
(274, 44, '1697567962857-235183257-X5-29.jpg', '2023-10-17 18:39:23', '2023-10-17 18:39:23'),
(275, 45, '1697568103248-879343209-DSC02719.jpg', '2023-10-17 18:41:43', '2023-10-17 18:41:43'),
(276, 45, '1697568155876-151691482-DSC02758.jpg', '2023-10-17 18:42:36', '2023-10-17 18:42:36'),
(277, 45, '1697568188149-203194255-DSC02763.jpg', '2023-10-17 18:43:08', '2023-10-17 18:43:08'),
(278, 46, '1697568293902-440746408-DSC02849.jpg', '2023-10-17 18:44:54', '2023-10-17 18:44:54'),
(279, 46, '1697568367273-342328159-DSC02878.jpg', '2023-10-17 18:46:07', '2023-10-17 18:46:07'),
(280, 46, '1697568426240-819678898-DSC02883.jpg', '2023-10-17 18:47:06', '2023-10-17 18:47:06'),
(281, 46, '1697568463286-952287371-DSC02879.jpg', '2023-10-17 18:47:43', '2023-10-17 18:47:43'),
(282, 46, '1697568486788-771871079-DSC02868.jpg', '2023-10-17 18:48:07', '2023-10-17 18:48:07'),
(283, 47, '1697568637360-753358806-652b7d1d-91bd-4af8-a033-054423d49106.jpeg', '2023-10-17 18:50:37', '2023-10-17 18:50:37'),
(284, 47, '1697568687186-475854639-b590aed9-9d0c-4c81-923f-1261d16927f7.jpeg', '2023-10-17 18:51:27', '2023-10-17 18:51:27'),
(285, 47, '1697568709110-222757161-dc534d3a-2fb7-4f28-82e4-7ba4b2268c28.jpeg', '2023-10-17 18:51:49', '2023-10-17 18:51:49'),
(286, 48, '1697568839568-437365757-DSC00821.jpg', '2023-10-17 18:53:59', '2023-10-17 18:53:59'),
(287, 48, '1697568864158-104782552-DSC00774.jpg', '2023-10-17 18:54:24', '2023-10-17 18:54:24'),
(288, 48, '1697568889783-875067423-DSC00782.jpg', '2023-10-17 18:54:50', '2023-10-17 18:54:50'),
(289, 48, '1697568927130-117308604-DSC00777.jpg', '2023-10-17 18:55:27', '2023-10-17 18:55:27'),
(290, 49, '1697569053431-280241250-DSC04402.JPG', '2023-10-17 18:57:33', '2023-10-17 18:57:33'),
(291, 49, '1697569088283-211341719-DSC05403.JPG', '2023-10-17 18:58:08', '2023-10-17 18:58:08'),
(292, 49, '1697569121772-381194361-DSC04476.JPG', '2023-10-17 18:58:42', '2023-10-17 18:58:42'),
(293, 50, '1697569242447-461819467-X7-15.jpg', '2023-10-17 19:00:42', '2023-10-17 19:00:42'),
(294, 50, '1697569264760-653263181-X7-25.jpg', '2023-10-17 19:01:04', '2023-10-17 19:01:04'),
(295, 50, '1697569290260-873445160-X7-27.jpg', '2023-10-17 19:01:30', '2023-10-17 19:01:30'),
(296, 50, '1697569312752-767636029-X7-15.jpg', '2023-10-17 19:01:52', '2023-10-17 19:01:52'),
(297, 51, '1697569447761-210695209-DSC02779.jpg', '2023-10-17 19:04:07', '2023-10-17 19:04:07'),
(298, 51, '1697569472368-468846228-DSC02819.jpg', '2023-10-17 19:04:32', '2023-10-17 19:04:32'),
(299, 51, '1697569504405-198046028-DSC02838.jpg', '2023-10-17 19:05:04', '2023-10-17 19:05:04'),
(300, 52, '1697569601872-99680270-DSC08277.jpg', '2023-10-17 19:06:42', '2023-10-17 19:06:42'),
(301, 52, '1697569626632-852217838-DSC08202.jpg', '2023-10-17 19:07:06', '2023-10-17 19:07:06'),
(302, 52, '1697569657402-96792681-DSC08226.jpg', '2023-10-17 19:07:37', '2023-10-17 19:07:37'),
(303, 52, '1697569690241-197547786-DSC08238.jpg', '2023-10-17 19:08:10', '2023-10-17 19:08:10'),
(304, 53, '1697569842452-444634557-UK8A1171.JPG', '2023-10-17 19:10:42', '2023-10-17 19:10:42'),
(305, 53, '1697569873823-775597090-UK8A1172.JPG', '2023-10-17 19:11:13', '2023-10-17 19:11:13'),
(306, 53, '1697569891451-967296154-UK8A1213.JPG', '2023-10-17 19:11:31', '2023-10-17 19:11:31'),
(307, 53, '1697569925988-263091975-UK8A1223.JPG', '2023-10-17 19:12:06', '2023-10-17 19:12:06'),
(308, 54, '1697570060080-967939516-DSC08339.jpg', '2023-10-17 19:14:20', '2023-10-17 19:14:20'),
(309, 54, '1697570081054-109660918-DSC08332.jpg', '2023-10-17 19:14:41', '2023-10-17 19:14:41'),
(310, 54, '1697570106728-62510608-DSC08333.jpg', '2023-10-17 19:15:06', '2023-10-17 19:15:06'),
(311, 55, '1697570192341-646966967-103dffae-6d1f-4bc8-9444-451c3a86b9e3.jpeg', '2023-10-17 19:16:32', '2023-10-17 19:16:32'),
(312, 55, '1697570208741-435144809-5a026864-a469-4d23-9540-26cc57ce213f.jpeg', '2023-10-17 19:16:48', '2023-10-17 19:16:48'),
(313, 55, '1697570225028-789890051-916ec022-8956-42f4-b498-4f877ea27e19.jpeg', '2023-10-17 19:17:05', '2023-10-17 19:17:05'),
(314, 56, '1697570318750-340232888-DSC02627.jpg', '2023-10-17 19:18:38', '2023-10-17 19:18:38'),
(315, 56, '1697570340430-926319296-DSC02688.jpg', '2023-10-17 19:19:00', '2023-10-17 19:19:00'),
(316, 56, '1697570357993-37881696-DSC02718.jpg', '2023-10-17 19:19:18', '2023-10-17 19:19:18'),
(317, 57, '1697570434933-142767221-6J9A6576.jpg', '2023-10-17 19:20:35', '2023-10-17 19:20:35'),
(318, 57, '1697570457192-855070779-6J9A6594.jpg', '2023-10-17 19:20:57', '2023-10-17 19:20:57'),
(319, 57, '1697570478186-891739142-6J9A6562.jpg', '2023-10-17 19:21:18', '2023-10-17 19:21:18');

-- --------------------------------------------------------

--
-- Table structure for table `contact_us`
--

CREATE TABLE `contact_us` (
  `id` int(11) NOT NULL,
  `name` varchar(255) NOT NULL,
  `email` varchar(255) NOT NULL,
  `query` text NOT NULL,
  `createdAt` datetime NOT NULL,
  `updatedAt` datetime NOT NULL
) ENGINE=InnoDB DEFAULT CHARSET=utf8mb4 COLLATE=utf8mb4_general_ci;

-- --------------------------------------------------------

--
-- Table structure for table `sequelizemeta`
--

CREATE TABLE `sequelizemeta` (
  `name` varchar(255) NOT NULL
) ENGINE=InnoDB DEFAULT CHARSET=utf8 COLLATE=utf8_unicode_ci;

--
-- Dumping data for table `sequelizemeta`
--

INSERT INTO `sequelizemeta` (`name`) VALUES
('20230831102935-user.js'),
('20230907213343-create-contact-us.js'),
('20230907215239-create-car.js'),
('20230910075309-bookings.js'),
('20230910171532-carImage.js'),
('20230912163407-add_booking_fields.js');

-- --------------------------------------------------------

--
-- Table structure for table `user`
--

CREATE TABLE `user` (
  `id` int(11) NOT NULL,
  `email` varchar(255) NOT NULL,
  `password` varchar(255) NOT NULL,
  `role` varchar(255) DEFAULT NULL,
  `firstName` varchar(255) DEFAULT NULL,
  `lastName` varchar(255) DEFAULT NULL,
  `createdAt` datetime NOT NULL,
  `updatedAt` datetime NOT NULL
) ENGINE=InnoDB DEFAULT CHARSET=utf8mb4 COLLATE=utf8mb4_general_ci;

--
-- Dumping data for table `user`
--

INSERT INTO `user` (`id`, `email`, `password`, `role`, `firstName`, `lastName`, `createdAt`, `updatedAt`) VALUES
(1, 'saqib@gmail.com', '$2b$10$NAioVPMuGCI02byE0RtdtuSw/QUIYKcZZAmY9VScURK3Jwwut6h/u', 'USER', 'Saqib', 'Shahzaib', '2023-10-16 19:17:08', '2023-10-16 19:17:08'),
(2, 'hassan@gmail.com', '$2b$10$W3ojlN8si0GKpNhCqCYFs.EKSW7AxkusW9HsYiZca2WK1qTLELXFq', 'ADMIN', 'Hassan', 'Shahzaib', '2023-10-16 19:19:59', '2023-10-16 19:19:59');

--
-- Indexes for dumped tables
--

--
-- Indexes for table `booking`
--
ALTER TABLE `booking`
  ADD PRIMARY KEY (`id`),
  ADD KEY `fk_carId` (`carId`);

--
-- Indexes for table `car`
--
ALTER TABLE `car`
  ADD PRIMARY KEY (`id`);

--
-- Indexes for table `carimages`
--
ALTER TABLE `carimages`
  ADD PRIMARY KEY (`id`),
  ADD KEY `carId` (`carId`);

--
-- Indexes for table `contact_us`
--
ALTER TABLE `contact_us`
  ADD PRIMARY KEY (`id`);

--
-- Indexes for table `sequelizemeta`
--
ALTER TABLE `sequelizemeta`
  ADD PRIMARY KEY (`name`),
  ADD UNIQUE KEY `name` (`name`);

--
-- Indexes for table `user`
--
ALTER TABLE `user`
  ADD PRIMARY KEY (`id`),
  ADD UNIQUE KEY `email` (`email`);

--
-- AUTO_INCREMENT for dumped tables
--

--
-- AUTO_INCREMENT for table `booking`
--
ALTER TABLE `booking`
  MODIFY `id` int(11) NOT NULL AUTO_INCREMENT;

--
-- AUTO_INCREMENT for table `car`
--
ALTER TABLE `car`
  MODIFY `id` int(11) NOT NULL AUTO_INCREMENT, AUTO_INCREMENT=58;

--
-- AUTO_INCREMENT for table `carimages`
--
ALTER TABLE `carimages`
  MODIFY `id` int(11) NOT NULL AUTO_INCREMENT, AUTO_INCREMENT=320;

--
-- AUTO_INCREMENT for table `contact_us`
--
ALTER TABLE `contact_us`
  MODIFY `id` int(11) NOT NULL AUTO_INCREMENT;

--
-- AUTO_INCREMENT for table `user`
--
ALTER TABLE `user`
  MODIFY `id` int(11) NOT NULL AUTO_INCREMENT, AUTO_INCREMENT=3;

--
-- Constraints for dumped tables
--

--
-- Constraints for table `booking`
--
ALTER TABLE `booking`
  ADD CONSTRAINT `booking_ibfk_1` FOREIGN KEY (`carId`) REFERENCES `car` (`id`),
  ADD CONSTRAINT `fk_carId` FOREIGN KEY (`carId`) REFERENCES `car` (`id`) ON DELETE CASCADE ON UPDATE CASCADE;

--
-- Constraints for table `carimages`
--
ALTER TABLE `carimages`
  ADD CONSTRAINT `carimages_ibfk_1` FOREIGN KEY (`carId`) REFERENCES `car` (`id`) ON DELETE CASCADE ON UPDATE CASCADE;
COMMIT;

/*!40101 SET CHARACTER_SET_CLIENT=@OLD_CHARACTER_SET_CLIENT */;
/*!40101 SET CHARACTER_SET_RESULTS=@OLD_CHARACTER_SET_RESULTS */;
/*!40101 SET COLLATION_CONNECTION=@OLD_COLLATION_CONNECTION */;
